fecha	titular	fuente	categoria
2018-11-14 09:08:34-03	Trabajadores del Buenos Aires Design cortan la avenida Libertador por el cierre del centro comercial	Infobae.com	Nacional
2018-11-13 14:14:48-03	La boda del gobernador Gerardo Morales: tapas de revistas y una guerra judicial	Clarín.com	Nacional
2018-11-14 10:08:19-03	Cumbre del G20: qué calles estarán cortadas y cómo funcionará el transporte	iprofesional.com	Nacional
2018-11-14 02:02:13-03	Una fractura que confirma la candidatura de Cristina Kirchner	LA NACION (Argentina.)	Nacional
2018-11-14 09:03:06-03	Infierno grande: ola de divorcios en un pueblo tras viralizarse videos de una fiesta sexual	Diario El Día	Nacional
2018-11-14 10:18:26-03	Presupuesto 2019: vallaron el Congreso, en medio de protestas y cortes	LA NACION (Argentina.)	Nacional
2018-11-14 08:59:59-03	Por nuevas asambleas de aeronavegantes se viene otra jornada de demoras y cancelaciones	ANDigital	Nacional
2018-11-14 10:59:22-03	La próxima semana habrá paro total de transporte	Agencia Fe	Nacional
2018-11-14 10:54:08-03	Mauricio Macri y el pelo: se probó un producto contra la calvicie y mostró el video en Instagram	Clarín.com	Nacional
2018-11-14 06:59:09-03	Emilio Monzó no será candidato y se irá de Cambiemos en 2019	El Cronista	Destacadas
2018-11-14 02:02:13-03	Una fractura que confirma la candidatura de Cristina Kirchner	LA NACION (Argentina.)	Destacadas
2018-11-14 02:00:35-03	Cierra luego de 25 años el shopping Buenos Aires Design y peligran 700 puestos de trabajo	Infonews	Destacadas
2018-11-14 07:47:24-03	Qué calles estarán cortadas y cómo funcionarán los aeropuertos durante la cumbre del G20	Infobae.com	Destacadas
2018-11-14 10:26:39-03	Murió de vacaciones en Italia, la aerolínea perdió los papeles y su cuerpo está varado en Ezeiza	Clarín.com	Destacadas
2018-11-13 23:23:00-03	Mauricio Macri se probó productos para la calvicie y lo mostró en Instagram	LA NACION (Argentina.)	Destacadas
2018-11-14 07:11:37-03	La palabra clave que salvó a una niña en Estados Unidos de ser raptada por un hombre	Infobae.com	Destacadas
2018-11-14 08:15:22-03	Por el bono de fin de año, más empleados podrían pagar el Impuesto a las Ganancias	Infobae.com	Destacadas
2018-11-14 08:29:55-03	Cortes y movilizaciones en la Ciudad recalientan el debate por el Presupuesto	Ambito.com	Destacadas
2018-11-13 18:40:19-03	La Corte fijó una agenda de fallos clave que serán emitidos antes de fin de año	Télam	Destacadas
2018-11-14 10:44:00-03	Superclásico: River sacó a la venta más entradas para la final	Diario ElSol.com.ar Mendoza	Deportes
2018-11-14 08:05:41-03	Paulo Gazzaniga, el arquero sorpresa de Lionel Scaloni	Clarín.com	Deportes
2018-11-14 09:36:31-03	Maradona negó haber criticado a Messi, disparó otra vez contra Scaloni y también la ligó Solari	Ambito.com	Deportes
2018-11-13 20:35:46-03	La causa de la primera tarjeta verde	Olé	Deportes
2018-11-14 02:16:53-03	Ponzio y Scocco trabajan pensando en la revancha	Nuevo Diario de Santiago del Estero	Deportes
2018-11-14 10:23:17-03	La Selección, al Mundial: un regreso que se demoró 12 años y estuvo marcado por una lucha	Clarín.com	Deportes
2018-11-14 09:11:33-03	Copa Libertadores: cómo es la venta del remanente de entradas en River para la final con Boca	canchallena.com	Deportes
2018-11-14 09:38:42-03	Confirman el pase de Palacios	Olé	Deportes
2018-11-14 08:16:00-03	El video de Pablo Pérez que hizo estallar de bronca a los hinchas de Boca	TN	Deportes
2018-11-13 00:02:17-03	Los palos salvaron a Jorge Almirón en su debut en San Lorenzo contra Vélez	TN	Deportes
2018-11-14 09:42:55-03	Día Mundial de la Diabetes: todo lo que hay que saber sobre la enfermedad	Télam	Salud
2018-11-14 03:01:41-03	A los 6, 17, 45 y 65 años: cuál es la mejor actividad física según la edad	Infobae.com	Salud
2018-11-14 10:53:06-03	Médico argentino identificó nuevo gen que causa la muerte súbita	Chaco Dia Por Dia	Salud
2018-11-14 00:36:07-03	Cómo adelgazar en cada década de la vida	TN	Salud
2018-11-14 08:30:16-03	Dieta para la diabetes: qué alimentos consumir y cuáles evitar	Clarín.com	Salud
2018-11-14 07:52:30-03	En lo que va del año, Iosper invirtió 160.000.000 de pesos en sus 7.974 afiliados diabéticos	AIM Digital	Salud
2018-11-14 05:58:56-03	En Santiago, ya vacunaron al 80% de la población contra el sarampión	El Liberal Digital	Salud
2018-11-13 16:45:04-03	Comodoro Rivadavia: Profesionales chubutenses se capacitaron en diagnóstico de VIH, sífilis y hepatitis virales	Diario EL CHUBUT	Salud
2018-11-14 10:19:04-03	¿Un milagro? el tumor cerebra de una paciente desapareció antes de la cirugía	El Tribuno.com.ar	Salud
2018-11-13 15:53:00-03	Diabetes : este miércoles se realiza la jornada de prevención	Diario El 9 de Julio	Salud
2018-11-13 22:09:00-03	Cómo hacer para recuperar un mensaje de Whatsapp eliminado	El Tribuno.com.ar	Ciencia y Tecnologia
2018-11-14 08:08:32-03	Tres aplicaciones que debés evitar descargar en tu celular	Tiempo de San Juan	Ciencia y Tecnologia
2018-11-13 18:00:23-03	¿Cómo crear stickers para WhatsApp?	Parentesis	Ciencia y Tecnologia
2018-11-14 07:07:35-03	Un 'huracán' de materia oscura se aproxima a la Tierra	MDZ Online	Ciencia y Tecnologia
2018-11-13 16:20:47-03	Review – Moto e5 Play: Android Go para potenciar el rendimiento	Zoom Tecnológico Chile (Comunicado de prensa) (blog)	Ciencia y Tecnologia
2018-11-14 01:07:09-03	Fallo en Facebook expuso información de perfil a ladrones de datos	CNET en Español	Ciencia y Tecnologia
2018-11-14 10:40:00-03	La novedad que trae WhatsApp para agregar contactos	Diario ElSol.com.ar Mendoza	Ciencia y Tecnologia
2018-11-14 08:49:12-03	Las primeras lluvias en 500 años en Atacama arrasan con sus microbios: ¿es así en Marte?	CNN Chile	Ciencia y Tecnologia
2018-11-12 17:51:34-03	Proponen cómo sería una versión actual de la mítica Ferrari F40, ¿va o no va?	TN	Ciencia y Tecnologia
2018-11-14 01:11:05-03	¿Por qué se calientan los teléfonos Android?	TyN Magazine	Ciencia y Tecnologia
2018-11-14 09:35:09-03	Al fin lo dijo: Mauro Caiazza le preguntó a Jimena Barón si quería ser la novia y ella... ¡reaccionó así!	El Trece	Entretenimiento
2018-11-14 02:16:52-03	ShowMatch 2018: en una noche de besos y peleas, Gabo Usandivaras abandonó el "Bailando por un sueño"	LA NACION (Argentina.)	Entretenimiento
2018-11-14 09:34:27-03	Emotivos mensajes de Morena Rial y Facundo Ambrosioni, luego de que el padre del joven recuperara su libertad	Ciudad Magazine	Entretenimiento
2018-11-14 09:09:34-03	[FOTOS] Así luce el bajista de Queen a 21 años de haber dejado la banda	Ahoranoticias.cl	Entretenimiento
2018-11-14 10:08:35-03	Selfie al natural	Diario de Cuyo	Entretenimiento
2018-11-13 18:50:33-03	Santiago Bal expuso a Carmen Barbieri en vivo contándole por qué le fue infiel	TN	Entretenimiento
2018-11-13 17:47:04-03	Sofía "Jujuy" Jiménez reveló cómo conoció a Juan Martín Del Potro	DiarioShow	Entretenimiento
2018-11-14 07:38:12-03	El picante comentario de Mica Viciconte tras la separación de Nicole Neumann	MDZ Online	Entretenimiento
2018-11-23 20:52:58-03	El Decano pica en punta	Olé	Deportes
2018-11-13 22:29:27-03	La nueva foto de Nicolás Cabré que podría enojar a Laurita Fernández	Perfil.com	Entretenimiento
2018-11-13 20:33:51-03	Shell baja 2,7% la nafta desde mañana y el Gobierno cree que ya se alcanzó un precio de equilibrio	LA NACION (Argentina.)	Economia
2018-11-14 04:18:50-03	Las 8 razones que hicieron subir un dólar que el mercado ya ve más cerca de la banda superior	Infobae.com	Economia
2018-11-13 21:27:55-03	Inteligencia artificial: cómo afectará la cuarta revolución a empresas y trabajadores argentinos	Ambito.com	Economia
2018-11-13 20:14:35-03	Las expectativas económicas siguen en retroceso	Minutouno.com	Economia
2018-11-14 06:13:33-03	Importante avance para la producción de litio en Jujuy	MDZ Online	Economia
2018-11-14 06:10:12-03	La utilización de la capacidad instalada de la industria bajó a 61,1% en septiembre	El Liberal Digital	Economia
2018-11-13 07:15:53-03	Crece la dependencia brasileña de las exportaciones hacia China	El Cronista	Economia
2018-11-13 01:34:57-03	Más estaciones de servicio no aceptan tarjeta de crédito por lo que les cobran las emisoras	LA NACION (Argentina.)	Economia
2018-11-14 09:22:37-03	Con menos pesos en circulación, crece el uso del dinero electrónico	ChacoHoy (Comunicado de prensa)	Economia
2018-11-13 06:22:12-03	Al menos en YPF no habría más subas de combustible este año	El Liberal Digital	Economia
2018-11-14 07:11:37-03	La palabra clave que salvó a una niña en Estados Unidos de ser raptada por un hombre	Infobae.com	Internacional
2018-11-13 19:44:31-03	Abogada acribillada en Paraguay: buscan a los protagonistas de una misteriosa reunión previa al crimen	Clarín.com	Internacional
2018-11-13 12:25:45-03	Divorcio en malos términos: Trump ridiculiza a Macron y le pide que haga a Francia "grande de nuevo"	LA NACION (Argentina.)	Internacional
2018-11-14 10:06:40-03	"Nada nuevo": Corficolombiana sobre el testimonio de Pizano	Dinero.com	Internacional
2018-11-14 07:47:24-03	Qué calles estarán cortadas y cómo funcionarán los aeropuertos durante la cumbre del G20	Infobae.com	Internacional
2018-11-14 00:20:10-03	En medio del juicio del Chapo las dudas sobre el poder real y el liderazgo del cártel de Sinaloa crecen	Infobae.com	Internacional
2018-11-14 10:26:39-03	Murió de vacaciones en Italia, la aerolínea perdió los papeles y su cuerpo está varado en Ezeiza	Clarín.com	Internacional
2018-11-14 08:38:00-03	VIDEO: Un joven sirio ejecutó “por honor” a su hermana y conmociona al mundo	El Tribuno.com.ar	Internacional
2018-11-13 16:13:22-03	CNN demanda a Trump por revocar la credencial de su periodista	Perfil.com	Internacional
2018-11-14 10:26:21-03	Quién es Avigdor Lieberman, el renunciante ministro de Defensa de Israel	Clarín.com	Internacional
2018-11-14 11:15:09-03	Renunció Triaca y dejará mañana la secretaría de Trabajo	LA NACION (Argentina.)	Nacional
2018-11-14 11:07:34-03	Pichetto habló de las fugas en su bloque: "No me sorprenden y no son cuestionables"	LA NACION (Argentina.)	Nacional
2018-11-14 09:08:34-03	Trabajadores del Buenos Aires Design cortan la avenida Libertador por el cierre del centro comercial	Infobae.com	Nacional
2018-11-14 11:21:32-03	Dujovne: "Nuestro compromiso con la baja de impuestos es total, pero más con la estabilidad macroeconómica"	LA NACION (Argentina.)	Nacional
2018-11-14 12:06:26-03	Una guerra judicial complica la boda de Gerardo Morales	Cadena 3	Nacional
2018-11-14 11:24:05-03	Esposa descubrió orgía "pirata", viralizó el video y acabaron todos divorciados	Crónica	Nacional
2018-11-14 08:59:59-03	Por nuevas asambleas de aeronavegantes se viene otra jornada de demoras y cancelaciones	ANDigital	Nacional
2018-11-14 10:54:08-03	Mauricio Macri y el pelo: se probó un producto contra la calvicie y mostró el video en Instagram	Clarín.com	Nacional
2018-11-14 10:18:26-03	Presupuesto 2019: vallaron el Congreso, en medio de protestas y cortes	LA NACION (Argentina.)	Nacional
2018-11-14 08:55:10-03	Bahía Blanca: entregaron medallas borradas con corrector a chicos discapacitados	Minutouno.com	Nacional
2018-11-14 11:15:09-03	Renunció Triaca y dejará mañana la secretaría de Trabajo	LA NACION (Argentina.)	Destacadas
2018-11-14 11:07:34-03	Pichetto habló de las fugas en su bloque: "No me sorprenden y no son cuestionables"	LA NACION (Argentina.)	Destacadas
2018-11-14 12:15:30-03	Después de 25 años, cierra el shopping Buenos Aires Design	iprofesional.com	Destacadas
2018-11-14 11:21:32-03	Dujovne: "Nuestro compromiso con la baja de impuestos es total, pero más con la estabilidad macroeconómica"	LA NACION (Argentina.)	Destacadas
2018-11-14 10:26:39-03	Murió de vacaciones en Italia, la aerolínea perdió los papeles y su cuerpo está varado en Ezeiza	Clarín.com	Destacadas
2018-11-13 23:23:00-03	Mauricio Macri se probó productos para la calvicie y lo mostró en Instagram	LA NACION (Argentina.)	Destacadas
2018-11-14 09:24:31-03	Qué calles estarán cortadas y cómo funcionarán los aeropuertos durante la cumbre del G20	Infobae.com	Destacadas
2018-11-14 09:40:07-03	Aseguran que por el bono de fin de año más trabajadores pagarían Impuesto a las Ganancias	Ambito.com	Destacadas
2018-11-14 08:52:39-03	Buenos Aires: Internaron a un bebé de un año intoxicado con cocaína	Misiones OnLine	Destacadas
2018-11-14 10:45:17-03	La Oficina Anticorrupción apeló la falta de mérito de Cristina Kirchner	Télam	Destacadas
2018-11-14 11:00:41-03	Se cayó la página de la venta de entradas para la Superfinal: el enojo de los hinchas de River	TN	Deportes
2018-11-14 08:16:00-03	El video de Pablo Pérez que hizo estallar de bronca a los hinchas de Boca	TN	Deportes
2018-11-14 08:05:41-03	Paulo Gazzaniga, el arquero sorpresa de Lionel Scaloni	Clarín.com	Deportes
2018-11-14 07:12:22-03	"Si Messi no vuelve estamos al horno" y el detalle jamás contado de Sudáfrica 2010: las mejores frases de Maradona	Infobae.com	Deportes
2018-11-14 09:36:31-03	Maradona negó haber criticado a Messi, disparó otra vez contra Scaloni y también la ligó Solari	Ambito.com	Deportes
2018-11-13 20:35:46-03	La causa de la primera tarjeta verde	Olé	Deportes
2018-11-14 12:52:12-03	En España dan por hecho el pase de Palacios a Real Madrid: se iría en enero por más de 20 millones de euros	LA NACION (Argentina.)	Deportes
2018-11-14 10:23:17-03	La Selección, al Mundial: un regreso que se demoró 12 años y estuvo marcado por una lucha	Clarín.com	Deportes
2018-11-14 12:53:14-03	Se desubicó: Pico Mónaco y un comentario sexual que avergonzó a sus compañeros	La Voz del Interior	Deportes
2018-11-14 09:57:18-03	¿Bianchi se copa? ¡El mensaje que ilusiona a los hinchas de Boca!	TyC Sports	Deportes
2018-11-14 08:11:02-03	Se realizarán acciones por el Día Mundial de la Diabetes	EL LITORAL	Salud
2018-11-14 03:01:41-03	A los 6, 17, 45 y 65 años: cuál es la mejor actividad física según la edad	Infobae.com	Salud
2018-11-14 10:53:06-03	Médico argentino identificó nuevo gen que causa la muerte súbita	Chaco Dia Por Dia	Salud
2018-11-14 08:30:16-03	Dieta para la diabetes: qué alimentos consumir y cuáles evitar	Clarín.com	Salud
2018-11-14 00:36:07-03	Cómo adelgazar en cada década de la vida	TN	Salud
2018-11-14 07:52:30-03	En lo que va del año, Iosper invirtió 160.000.000 de pesos en sus 7.974 afiliados diabéticos	AIM Digital	Salud
2018-11-14 10:19:04-03	¿Un milagro? El tumor cerebral de una paciente desapareció antes de la cirugía	El Tribuno.com.ar	Salud
2018-11-14 05:58:56-03	En Santiago, ya vacunaron al 80% de la población contra el sarampión	El Liberal Digital	Salud
2018-11-14 11:55:33-03	Trágico final de una mujer que se sometió a tratamiento de belleza	Infobae.com	Salud
2018-11-13 14:38:00-03	Desde hoy y hasta el jueves, controles de glucemia y actividades por el Día Mundial de la Diabetes	La Opinion	Salud
2018-11-13 16:57:21-03	El truco de WhatsApp para saber qué decía un mensaje eliminado	Misiones OnLine	Ciencia y Tecnologia
2018-11-14 07:07:35-03	Un 'huracán' de materia oscura se aproxima a la Tierra	MDZ Online	Ciencia y Tecnologia
2018-11-14 10:40:00-03	La novedad que trae WhatsApp para agregar contactos	Diario ElSol.com.ar Mendoza	Ciencia y Tecnologia
2018-11-13 18:00:23-03	¿Cómo crear stickers para WhatsApp?	Parentesis	Ciencia y Tecnologia
2018-11-13 16:20:47-03	Review – Moto e5 Play: Android Go para potenciar el rendimiento	Zoom Tecnológico Chile (Comunicado de prensa) (blog)	Ciencia y Tecnologia
2018-11-14 08:08:32-03	Tres aplicaciones que debés evitar descargar en tu celular	Tiempo de San Juan	Ciencia y Tecnologia
2018-11-14 12:02:20-03	The Game Awards 2018 | Conoce a los 6 títulos nominados para "Juego del Año"	RPP	Ciencia y Tecnologia
2018-11-14 12:34:00-03	Qué te gusta y quiénes son tus amigos: la información revelada por un nuevo fallo de Facebook	El Observador	Ciencia y Tecnologia
2018-11-14 11:47:37-03	Primeras lluvias en 500 años en el Desierto de Atacama provocan devastación de especies microbianas	elciudadano.com	Ciencia y Tecnologia
2018-11-14 11:30:27-03	Los misterios del cráter Chicxulub, el sitio en México donde los científicos creen que comenzó el fin de los dinosaurios	Publimetro Chile	Ciencia y Tecnologia
2018-11-14 12:34:20-03	Lali Espósito y Pabllo Vittar, la drag queen brasileña, protagonistas de un jugado video	LA NACION (Argentina.)	Entretenimiento
2018-11-13 12:29:06-03	El llamativo apoyo de Paula Chaves a Flor Vigna, en medio del escándalo con Laurita Fernández y Nicolás Cabré	Infobae.com	Entretenimiento
2018-11-14 11:29:00-03	Murió la reina de la Vendimia más votada en una elección	Diario ElSol.com.ar Mendoza	Entretenimiento
2018-11-13 23:28:16-03	Mauro Caiazza le propuso a Jimena Barón en vivo que sea su novia… ¡y ella respondió con un tremendo beso!	Ciudad Magazine	Entretenimiento
2018-11-14 02:16:52-03	ShowMatch 2018: en una noche de besos y peleas, Gabo Usandivaras abandonó el "Bailando por un sueño"	LA NACION (Argentina.)	Entretenimiento
2018-11-14 11:57:34-03	La historia de John Deacon, ex bajista de Queen que se alejó hace 21 años de la banda	Radio Futuro	Entretenimiento
2018-11-14 11:13:38-03	La llamativa reacción de Nicole Neumann cuando le preguntaron si está "soltera y deprimida"	Ciudad Magazine	Entretenimiento
2018-11-14 11:14:11-03	Insólito debate en una foto de Wanda Nara: ¿su millonaria casa tiene humedad?	TN	Entretenimiento
2018-11-14 12:17:14-03	La reacción de Jujuy Jiménez cuando le contaron la "gran" fama de Juan Martín Del Potro	TN	Entretenimiento
2018-11-13 19:50:22-03	Después de 7 años, Santiago Bal asumió que engañó a Carmen Barbieri y ella lo justificó en vivo	La Voz del Interior	Entretenimiento
2018-11-14 11:42:30-03	El dólar saltó 24 centavos y volvió a romper la barrera de los $37	San Juan 8	Economia
2018-11-13 20:33:51-03	Shell baja 2,7% la nafta desde mañana y el Gobierno cree que ya se alcanzó un precio de equilibrio	LA NACION (Argentina.)	Economia
2018-11-13 21:27:55-03	Inteligencia artificial: cómo afectará la cuarta revolución a empresas y trabajadores argentinos	Ambito.com	Economia
2018-11-14 11:55:13-03	La bolsa porteña rebota y sube un 1,6% impulsada por acciones del sector financiero	Ambito.com	Economia
2018-11-14 01:03:00-03	Se inició la operación del proyecto Cauchari Olaroz	El Tribuno.com.ar	Economia
2018-11-13 14:45:10-03	Por problemas de rentabilidad, cada vez más estaciones de servicio no aceptan tarjeta de crédito	iprofesional.com	Economia
2018-11-14 06:10:12-03	La utilización de la capacidad instalada de la industria bajó a 61,1% en septiembre	El Liberal Digital	Economia
2018-11-14 12:15:30-03	Sorpresa: una petrolera bajó el precio de sus combustibles por la caída del crudo y del dólar	iprofesional.com	Economia
2018-11-14 09:58:39-03	Las expectativas económicas cayeron en octubre	Clarín.com	Economia
2018-11-14 09:22:37-03	Con menos pesos en circulación, crece el uso del dinero electrónico	ChacoHoy (Comunicado de prensa)	Economia
2018-11-14 00:20:10-03	En medio del juicio del Chapo las dudas sobre el poder real y el liderazgo del cártel de Sinaloa crecen	Infobae.com	Internacional
2018-11-13 17:26:41-03	La chica de 11 años que evitó ser secuestrada gracias a una palabra clave	LA NACION (Argentina.)	Internacional
2018-11-14 10:39:13-03	Odebrecht: conmoción en Colombia por la muerte de un testigo clave y de su hijo envenenado	Ambito.com	Internacional
2018-11-14 11:26:14-03	Diez disparos y ninguna pista: los detalles del crimen de la abogada argentina que defendía a narcos en Paraguay	Ambito.com	Internacional
2018-11-14 12:07:29-03	Murió de vacaciones en Italia, la aerolínea perdió los papeles y su cuerpo está varado en Ezeiza	Clarín.com	Internacional
2018-11-14 09:24:31-03	Qué calles estarán cortadas y cómo funcionarán los aeropuertos durante la cumbre del G20	Infobae.com	Internacional
2018-11-14 12:04:45-03	Tensión entre Trump y Macron	Diario Uno	Internacional
2018-11-14 12:13:34-03	Brexit: 10 claves para entender qué pasa con el Reino Unido y la Unión Europea	Clarín.com	Internacional
2018-11-13 10:35:44-03	El video que indigna al mundo: fusila a su hermana con un AK-47 por haber sido violada	Clarín.com	Internacional
2018-11-14 07:46:19-03	Amigos: cae 12 metros, pero lo salva su compañero	MDZ Online	Internacional
2018-11-14 16:29:37-03	Senado: el Presupuesto se votaría por la madrugada tras 15 horas de debate	LA NACION (Argentina.)	Nacional
2018-11-14 16:31:21-03	Se filmaron en una fiesta sexual, se viralizaron los videos y terminó en escándalo	Clarín.com	Nacional
2018-11-14 14:55:59-03	Dujovne aseguró que el gasto público bajará otro 10% "en términos reales" en 2019	Télam	Nacional
2018-11-14 13:52:10-03	Es oficial: Jorge Triaca deja Trabajo y mañana explicarán cómo será la transición	Clarín.com	Nacional
2018-11-14 16:02:56-03	El increíble relato del hombre que la policía llevó a una villa para que recuperara lo que le habían robado	Infobae.com	Nacional
2018-11-14 16:33:58-03	Un bebé de un año ingresó al hospital de Berisso intoxicado con cocaína	Infobae.com	Nacional
2018-11-14 16:57:43-03	Ejecutaron a un prestamista en Rosario y le dejaron un cartel que decía "con la mafia no se jode"	LA NACION (Argentina.)	Nacional
2018-11-14 15:00:15-03	Unos 400 trabajadores del Buenos Aires Design cortaron Libertador por el cierre del complejo	Télam	Nacional
2018-11-14 08:59:59-03	Por nuevas asambleas de aeronavegantes se viene otra jornada de demoras y cancelaciones	ANDigital	Nacional
2018-11-14 17:32:00-03	Niños discapacitados recibieron medallas con la inscripción escrita con corrector	El Tribuno.com.ar	Nacional
2018-11-14 12:51:14-03	Macri apuesta a la minería: afirmó que Argentina puede ser potencia en la producción de litio	Clarín.com	Destacadas
2018-11-14 15:51:02-03	El Senado debate el Presupuesto 2019: se prevé que será aprobado sin sobresaltos a la madrugada	Infobae.com	Destacadas
2018-11-14 13:55:03-03	Descubrió que su esposo y amigos organizaron una orgía y viralizó los videos: todos divorciados	Diario El Esquiu	Destacadas
2018-11-14 13:52:10-03	Es oficial: Jorge Triaca deja Trabajo y mañana explicarán cómo será la transición	Clarín.com	Destacadas
2018-11-14 11:21:32-03	Dujovne: "Nuestro compromiso con la baja de impuestos es total, pero más con la estabilidad macroeconómica"	LA NACION (Argentina.)	Destacadas
2018-11-14 13:43:10-03	Una argentina murió durante sus vacaciones en Italia y su cuerpo está varado en Ezeiza hace cinco días	LA NACION (Argentina.)	Destacadas
2018-11-14 16:33:58-03	Un bebé de un año ingresó al hospital de Berisso intoxicado con cocaína	Infobae.com	Destacadas
2018-11-14 11:14:11-03	El bono de $5000 pagará impuesto a las Ganancias y es clave actualizar deducciones para tributar menos	TN	Destacadas
2018-11-14 17:04:10-03	La UIF insistirá en la reapertura de la causa por presunto enriquecimiento ilícito de los Kirchner	Infobae.com	Destacadas
2018-11-14 12:07:03-03	Ganancias: gremios amenazan con paralizar el transporte la próxima semana	La Voz del Interior	Destacadas
2018-11-14 14:45:31-03	Venta de entradas para Superfinal: web de River colapsó 1 hora, quejas de los hinchas	Diario 26	Deportes
2018-11-14 12:29:00-03	River-Boca: 80 mil pedidos virtuales hicieron colapsar la página que vendía las últimas entradas	Total News Agency	Deportes
2018-11-14 16:06:38-03	Pico Mónaco hizo al aire un desubicado comentario sexual	Clarín.com	Deportes
2018-11-14 15:33:14-03	Boca-River: la reacción de Pablo Pérez para proteger a Milton Casco	Clarín.com	Deportes
2018-11-14 12:49:24-03	Leo Ponzio tiene al alta médica y podrá jugar en la revancha ante Boca	TN	Deportes
2018-11-14 16:16:54-03	Otra baja sensible para la Selección: será desafectado un defensor	Infobae.com	Deportes
2018-11-14 14:44:31-03	D'Onofrio pidió que no revisen el vestuario de Boca	Olé	Deportes
2018-11-14 17:30:52-03	Ya vendieron 40 mil entradas para Argentina-México en Córdoba	Télam	Deportes
2018-11-14 15:44:09-03	El amor es más fuerte: "Doy la silla de ruedas a cambio de la Copa Libertadores"	Infobae.com	Deportes
2018-11-14 10:10:17-03	El misterioso mensaje de Edwin Cardona a días de la revancha de la Superfinal	TN	Deportes
2018-11-14 14:15:19-03	Diabetes tipo 1: la que afecta a los más chicos y de la que casi no se habla	Infobae.com	Salud
2018-11-13 18:48:43-03	Un cardiólogo argentino identificó un nuevo gen que causa la muerte súbita	LA NACION (Argentina.)	Salud
2018-11-14 08:30:16-03	Dieta para la diabetes: qué alimentos consumir y cuáles evitar	Clarín.com	Salud
2018-11-14 10:53:34-03	A pocas horas de entrar al quirófano, le informaron que el tumor cerebral desapareció	LA NACION (Argentina.)	Salud
2018-11-14 03:01:41-03	A los 6, 17, 45 y 65 años: cuál es la mejor actividad física según la edad	Infobae.com	Salud
2018-11-14 00:36:07-03	Cómo adelgazar en cada década de la vida	TN	Salud
2018-11-14 17:32:00-03	Un imperativo: Desalentar la automedicación	ANDigital	Salud
2018-11-14 15:12:33-03	Programa “Estaciones saludables” llega a la plaza “San Martín”	Sin Mordaza	Salud
2018-11-14 12:31:18-03	Continúa la Campaña de Vacunación contra el Sarampión y la Rubéola	El Diario Nuevo Dia	Salud
2018-11-14 07:48:04-03	Prevención: Lalcec realizará controles gratuitos por manchas en la piel y lunares	Esperanza DíaXDía	Salud
2018-11-14 14:40:36-03	Cómo funciona el código QR, la función clave que WhatsApp copió de Snapchat e Instagram	Clarín.com	Ciencia y Tecnologia
2018-11-13 12:30:04-03	El truco de WhatsApp para saber qué decía un mensaje eliminado	Clarín.com	Ciencia y Tecnologia
2018-11-14 15:42:12-03	Tres apps de Android para tener los mejores stickers en Whatsapp	TN	Ciencia y Tecnologia
2018-11-14 06:06:46-03	Nos hundimos en un 'huracán' de materia oscura que podría revelar sus secretos	Hipertextual	Ciencia y Tecnologia
2018-11-14 10:54:40-03	Ahora podrá jugar con un teclado y un mouse en su Xbox One	ElTiempo.com	Ciencia y Tecnologia
2018-11-14 08:08:32-03	Tres aplicaciones que debés evitar descargar en tu celular	Tiempo de San Juan	Ciencia y Tecnologia
2018-11-14 12:29:42-03	La PlayStation 5 llegaría con un joystick con pantalla incluida	Clarín.com	Ciencia y Tecnologia
2018-11-14 15:50:04-03	El “abuelo Pokémon”: tiene 70 años y sale a cazar con 15 celulares a la vez	Clarín.com	Ciencia y Tecnologia
2018-11-14 14:34:19-03	La NASA apuesta a llevar hombres a Marte en un plazo de 25 años	Infobae.com	Ciencia y Tecnologia
2018-11-14 16:24:51-03	Cráter Chicxulub: padre de los humanos, verdugo de los dinosaurios	canalantigua.tv	Ciencia y Tecnologia
2018-11-14 13:50:09-03	En medio del escándalo entre Flor Vigna y Laurita Fernández, Gimena Accardi publicó un video besando a Nicolás ...	Infobae.com	Entretenimiento
2018-11-14 17:23:20-03	¡Bomba! ¿Que hacía Karina Jelinek junto a Rodrigo Bueno la noche previa a su trágico accidente?	Clarín.com	Entretenimiento
2018-11-14 14:55:00-03	Verónica Ojeda, triste por la misteriosa enfermedad de Dieguito Fernando	TN	Entretenimiento
2018-11-14 15:16:19-03	Lali Espósito: explosivo video junto a Pabllo Vittar	Clarín.com	Entretenimiento
2018-11-14 15:56:15-03	El pedido lleno de amor y ternura de Mauro Caiazza a Jimena Barón: "¿Querés ser mi novia?"	Infobae.com	Entretenimiento
2018-11-14 12:50:41-03	A Jujuy Jiménez le contaron sobre el "gran mito" de Del Potro y así reaccionó	El Trece	Entretenimiento
2018-11-13 14:36:07-03	¿Humedad o mármol? La impensada discusión en un posteo de Wanda Nara	La Voz del Interior	Entretenimiento
2018-11-14 12:53:53-03	Luego de anunciar su separación definitiva de Charlotte Caniggia, Lhoan presentó novia	Infobae.com	Entretenimiento
2018-11-14 16:52:30-03	Murió Katherine MacGregor, la señora Harriet Oleson en "La Familia Ingalls"	Infobae.com	Entretenimiento
2018-11-14 07:21:37-03	La madre de Esmeralda Mitre fue a ShowMatch y resultó la gran sorpresa de la noche	Diario Panorama de Santiago del Estero	Entretenimiento
2018-11-14 16:34:49-03	En la City anticipan qué hará el BCRA si el dólar quiebra la banda inferior	El Cronista	Economia
2018-11-14 17:54:20-03	Luego de cuatro bajas, el Merval rebotó un 2,9% impulsado por acciones del sector financiero y energético	Ambito.com	Economia
2018-11-13 20:33:51-03	Shell baja 2,7% la nafta desde mañana y el Gobierno cree que ya se alcanzó un precio de equilibrio	LA NACION (Argentina.)	Economia
2018-11-13 21:27:55-03	Inteligencia artificial: cómo afectará la cuarta revolución a empresas y trabajadores argentinos	Ambito.com	Economia
2018-11-14 14:53:50-03	Minera EXAR inició su producción de litio en Cauchari Olaroz	Página Central Jujuy	Economia
2018-11-13 20:14:35-03	Las expectativas económicas siguen en retroceso	Minutouno.com	Economia
2018-11-14 15:41:50-03	Pymes lácteas llevan 15 meses consecutivos de pérdidas	Diario Uno	Economia
2018-11-13 14:45:10-03	Por problemas de rentabilidad, cada vez más estaciones de servicio no aceptan tarjeta de crédito	iprofesional.com	Economia
2018-11-14 09:24:50-03	Tras lanzar BioBus, Santa Fe busca que todo el transporte público utilice biodiesel	Infocampo	Economia
2018-11-14 10:11:13-03	¿Qué es la criptomoneda que se lanza en Argentina?	El Patagónico	Economia
2018-11-13 17:26:41-03	La chica de 11 años que evitó ser secuestrada gracias a una palabra clave	LA NACION (Argentina.)	Internacional
2018-11-14 13:22:46-03	Muere envenenado con cianuro el hijo de un testigo clave en la causa Odebrecht en Colombia	LA NACION (Argentina.)	Internacional
2018-11-21 12:36:26-03	La última entrevista a Michael Schumacher	La Voz del Interior	Deportes
2018-11-14 16:55:57-03	El gobierno británico respaldó el principio de acuerdo con la UE sobre el Brexit	Infobae.com	Internacional
2018-11-14 08:56:06-03	Las acusaciones del abogado de “El Chapo” contra dos presidentes de México	El Nacional.com	Internacional
2018-11-14 13:43:10-03	Una argentina murió durante sus vacaciones en Italia y su cuerpo está varado en Ezeiza hace cinco días	LA NACION (Argentina.)	Internacional
2018-11-14 15:57:50-03	Los escalofriantes audios de la abogada de los narcos brasileños asesinada en Paraguay: "Si me agarran, me licúan"	Infobae.com	Internacional
2018-11-14 09:24:31-03	Qué calles estarán cortadas y cómo funcionarán los aeropuertos durante la cumbre del G20	Infobae.com	Internacional
2018-11-14 10:23:27-03	¿Es la caravana migrante una amenaza a la seguridad de EEUU?	La Prensa de Honduras	Internacional
2018-11-14 14:56:23-03	El perro más fiel: su dueña murió en un accidente de tránsito y hace 80 días que la espera	TN	Internacional
2018-11-14 15:43:19-03	Monica Lewinsky dice que se disculparía de nuevo con Hillary Clinton por el escándalo de 1998	Telemundo	Internacional
2018-11-15 03:33:45-03	Con apoyo de un sector del PJ, el oficialismo aprobó el presupuesto	LA NACION (Argentina.)	Nacional
2018-11-15 08:54:49-03	ARA San Juan: paso a paso, las últimas horas de contacto con el submarino	Clarín.com	Nacional
2018-11-15 07:44:24-03	Allanaron una casa tomada por anarquistas y hay diez nuevos detenidos por los ataques con explosivos	Infobae.com	Nacional
2018-11-15 03:01:59-03	En la Noche de las Heladerías Artesanales, 7 lugares para disfrutar de los mejores sabores	Infobae.com	Nacional
2018-11-14 21:26:41-03	Macri: “La Argentina va a ser grande cuando cada región se desarrolle en todo su potencial”	Diario La Ciudad de Avellaneda	Nacional
2018-11-15 05:05:20-03	Uno por uno, así votaron los senadores el Presupuesto 2019	Ambito.com	Nacional
2018-11-14 18:27:51-03	Las razones detrás de la salida de Triaca: un adiós anunciado en un contexto de ajuste y estancamiento	LA NACION (Argentina.)	Nacional
2018-11-14 18:34:55-03	Hicieron una fiesta sexual y se viralizaron los videos: "Se van a separar todos"	Infobae.com	Nacional
2018-11-15 06:01:33-03	Dos senadores no quieren que Macri viaje en 2019	Infobae.com	Nacional
2018-11-15 08:05:49-03	Qué opositores acompañaron a Cambiemos y votaron a favor del Presupuesto 2019	Infobae.com	Nacional
2018-11-15 03:33:45-03	Con apoyo de un sector del PJ, el oficialismo aprobó el presupuesto	LA NACION (Argentina.)	Destacadas
2018-11-15 02:14:24-03	El fiscal Carlos Stornelli vinculó el ataque a la casa de Bonadio con la causa de los cuadernos de las coimas K	Infobae.com	Destacadas
2018-11-15 07:01:52-03	A un año de la desaparición del ARA San Juan: cronología de una búsqueda sin respuestas	La Nueva.	Destacadas
2018-11-15 03:27:13-03	Cristina Kirchner: "Van a dejar un país infinitamente peor del que recibieron"	Infobae.com	Destacadas
2018-11-15 02:34:05-03	Noche de las heladerías: elegimos el mejor dulce de leche	LA NACION (Argentina.)	Destacadas
2018-11-15 07:44:40-03	Ola de renuncias en Londres por el Brexit: el gobierno de Theresa May contra las cuerdas	Clarín.com	Destacadas
2018-11-14 18:45:05-03	Triaca formalizará su salida del Gobierno con una conferencia de prensa junto a Sica	Télam	Destacadas
2018-11-14 19:45:00-03	Por error, Menem votó en contra que Macri salga del país en 2019	La Pampa La Arena	Destacadas
2018-11-14 19:36:32-03	Internaron al hijo chileno del ex presidente Menem	Télam	Destacadas
2018-11-13 01:55:25-03	La gran apuesta de Macri para el G-20 es acercar a EE.UU. y China	LA NACION (Argentina.)	Destacadas
2018-11-21 11:56:09-03	Macri busca una tregua con la UCR tras los cortocircuitos por el Consejo de la Magistratura	LA NACION (Argentina.)	Nacional
2018-11-15 08:00:40-03	El operativo de River contra los robos y la reventa de entradas de la Superfinal	TN	Deportes
2018-11-15 08:18:07-03	Diego Maradona, investigado en México y ante una sanción inminente	Clarín.com	Deportes
2018-11-15 07:52:30-03	La frase de Mauro Icardi que generó controversia dentro de la selección argentina	Infobae.com	Deportes
2018-11-12 22:33:38-03	El futuro de Gallardo, el "escritorio" en Conmebol y otras cuatro definiciones de D'Onofrio con LA NACION	canchallena.com	Deportes
2018-11-14 15:33:14-03	Boca-River: la reacción de Pablo Pérez para proteger a Milton Casco	Clarín.com	Deportes
2018-11-15 04:46:49-03	"La serie esta 60-40 a favor de River"	Olé	Deportes
2018-11-14 21:54:53-03	La fortuna que gastó Cristiano Ronaldo en apenas 15 minutos en un bar	Infobae.com	Deportes
2018-11-15 00:01:24-03	Santiago Ponzinibbio: "El que dice que las artes marciales mixtas no son deporte, lo dice por ignorancia"	LA NACION (Argentina.)	Deportes
2018-11-14 19:22:44-03	El desubicado comentario de "Pico" Mónaco que incomodó a todos al aire	Eldestapeweb.com	Deportes
2018-11-15 07:54:03-03	Brian Sarmiento volvería a jugar después de casi ocho meses	Télam	Deportes
2018-11-14 10:53:34-03	A pocas horas de entrar al quirófano, le informaron que el tumor cerebral desapareció	LA NACION (Argentina.)	Salud
2018-11-14 19:43:59-03	Hallazgo de un cardiólogo argentino: descubrió un nuevo gen asociado a la muerte súbita	Clarín.com	Salud
2018-11-15 08:38:03-03	Ante presunto caso de chikunguya, refuerzan control de vectores en Machagai	Chaco Dia Por Dia	Salud
2018-11-15 07:10:00-03	Nutrición: los beneficios de consumir un huevo por día	Contexto	Salud
2018-11-14 09:42:55-03	Día Mundial de la Diabetes: todo lo que hay que saber sobre la enfermedad	Télam	Salud
2018-11-14 00:04:06-03	La rehabilitación pulmonar en la EPOC: subutilizada	IntraMed	Salud
2018-11-14 18:55:00-03	A días de finalizar campaña sigue la vacunación contra sarampión y rubeola	TiempoSur Diario Digital	Salud
2018-11-13 19:05:16-03	Buscan generar conciencia sobre el uso de antibióticos	Telemundo 48 El Paso	Salud
2018-11-14 20:04:05-03	Dengue: realizan operativos de descacharrado, fumigación y concientización en las chacras 107 y 116	Noticiasdel6.com	Salud
2018-11-15 02:09:02-03	Siete alimentos para controlar el ácido úrico	EL TERRITORIO	Salud
2018-11-15 08:43:04-03	Descubren un exoplaneta frío y oscuro, vecino de nuestro Sistema Solar	ÚltimaHora.com	Ciencia y Tecnologia
2018-11-14 15:42:12-03	Tres apps de Android para tener los mejores stickers en Whatsapp	TN	Ciencia y Tecnologia
2018-11-14 14:40:36-03	Cómo funciona el código QR, la función clave que WhatsApp copió de Snapchat e Instagram	Clarín.com	Ciencia y Tecnologia
2018-11-13 12:30:04-03	El truco de WhatsApp para saber qué decía un mensaje eliminado	Clarín.com	Ciencia y Tecnologia
2018-11-14 14:32:08-03	Meizu sería una de las primeras compañías en tener un teléfono con un SD 8150	smartGSM (blog)	Ciencia y Tecnologia
2018-11-15 01:20:05-03	Motorola x Android One llegó a Guatemala	Prensa Libre	Ciencia y Tecnologia
2018-11-14 19:15:14-03	Un “huracán” de Materia Negra viene hacia la Tierra, ¿estamos en peligro?	unocero	Ciencia y Tecnologia
2018-11-14 13:04:43-03	Un diseñador demanda a Adobe por un error que le borró 100 mil archivos	TN	Ciencia y Tecnologia
2018-11-14 12:29:42-03	La PlayStation 5 llegaría con un joystick con pantalla incluida	Clarín.com	Ciencia y Tecnologia
2018-11-14 23:24:07-03	Ya pueden jugar Fortnite con mouse y teclado en Xbox One	FayerWayer	Ciencia y Tecnologia
2018-11-15 00:51:09-03	Los mejores momentos de Susana Giménez junto a Maluma	LA NACION (Argentina.)	Entretenimiento
2018-11-14 20:05:00-03	Murió Katherine MacGregor, la actriz que interpretaba a la antipática Harriet Oleson en La familia Ingalls	LA NACION (Argentina.)	Entretenimiento
2018-11-14 08:59:46-03	¿Querés ser mi novia?: la pregunta de Mauro Caiazza a Jimena Barón	Rosario3.com	Entretenimiento
2018-11-14 23:54:13-03	Alfredo Casero: "El Gobierno no entendió la parábola del flan"	LA NACION (Argentina.)	Entretenimiento
2018-11-14 17:00:16-03	"Me rompió el escroto": la impactante confesión de Soldán en el programa de Pampita	Diario Panorama de Santiago del Estero	Entretenimiento
2018-11-14 13:58:44-03	En medio del escándalo entre Flor Vigna y Laurita Fernández, Gimena Accardi publicó un video besando a Nicolás ...	Infobae.com	Entretenimiento
2018-11-14 12:05:54-03	Jujuy Jiménez rompió el silencio y se refirió a su romance con Del Potro	Perfil.com	Entretenimiento
2018-11-14 23:56:27-03	Dolor de cabeza tiene a Máximo Menem hospitalizado en la UTI	La Cuarta	Entretenimiento
2018-11-14 19:09:50-03	Wanda Nara mostró el tratamiento rejuvenecedor que se hizo en la cara… ¡y tuvo un furcio hot con su top!	Ciudad Magazine	Entretenimiento
2018-11-15 05:58:25-03	Entrevista a Jude Law, el actor que se suma al universo de Harry Potter	Infobae.com	Entretenimiento
2018-11-14 21:56:53-03	Con $ 50 mil ahorrados, ¿conviene abrir un plazo fijo o comprar dólares?	Ambito.com	Economia
2018-11-14 16:37:10-03	En la City anticipan qué hará el BCRA si el dólar quiebra la banda inferior	El Cronista	Economia
2018-11-15 08:03:51-03	Aseguran que los combustibles seguirán subiendo: los motivos	Diario ElSol.com.ar Mendoza	Economia
2018-11-15 03:27:13-03	El Gobierno superó el desafío clave de la licitación de Letras del Tesoro y calmó la suba que insinuó el dólar	Infobae.com	Economia
2018-11-15 06:26:58-03	Netflix aumenta el precio de su suscripción mensual	LA NACION (Argentina.)	Economia
2018-11-15 06:36:12-03	Kantar: el consumo cae 2% pero no a todos les va tan mal	La Voz del Interior	Economia
2018-11-14 18:07:06-03	Nissan electrifica San Pablo	EL LITORAL	Economia
2018-11-14 22:01:29-03	Cómo comprar dólares más baratos que en el Banco Nación con una foto del DNI y una selfie	TN	Economia
2018-11-15 06:15:32-03	Carrefour, Coto, Walmart y otros súper anticipan cuándo repuntará el consumo	iprofesional.com	Economia
2018-11-14 18:53:00-03	Cuáles fueron los 10 modelos de autos usados más vendidos en el país	iprofesional.com	Economia
2018-11-15 07:44:40-03	Ola de renuncias en Londres por el Brexit: el gobierno de Theresa May contra las cuerdas	Clarín.com	Internacional
2018-11-15 03:27:13-03	Cristina Kirchner: "Van a dejar un país infinitamente peor del que recibieron"	Infobae.com	Internacional
2018-11-15 07:11:00-03	Tragedia en California: ya son 56 los muertos por los incendios	La Voz del Interior	Internacional
2018-11-15 03:39:25-03	Cuba comenzó a retirar a sus médicos de Brasil en respuesta a las declaraciones de Jair Bolsonaro	Infobae.com	Internacional
2018-11-15 07:42:00-03	Nena de 11 años evitó un secuestro con una "contraseña"	Diario ElSol.com.ar Mendoza	Internacional
2018-11-15 07:31:51-03	Internaron de urgencia al hijo de Cecilia Bolocco y Carlos Menem	Diario de Cuyo	Internacional
2018-11-14 19:03:31-03	Por qué muchas mujeres están subiendo fotos de su ropa interior a las redes	LA NACION (Argentina.)	Internacional
2018-11-14 10:49:33-03	El Congreso de EEUU advirtió que podrían perder una guerra con China o Rusia y pidió más fondos para Defensa	Infobae.com	Internacional
2018-11-15 08:27:26-03	Los asesinos de Jamal Khashoggi confesaron que lo descuartizaron y el fiscal pidió pena de muerte para ellos	Infobae.com	Internacional
2018-11-14 11:23:24-03	Cumbre del G20: cómo funcionarán los servicios y qué calles estarán cortadas	El Cronista	Internacional
2018-11-15 12:48:14-03	Mauricio Macri, sobre los atentados: “Vamos a actuar con todo el peso de la ley”	Clarín.com	Nacional
2018-11-15 09:32:19-03	El Senado sancionó el Presupuesto 2019, con más votos de los esperados	Clarín.com	Nacional
2018-11-15 12:10:42-03	A un año de la desaparición del ARA San Juan, qué se sabe y qué no del submarino	TN	Nacional
2018-11-15 11:57:39-03	Los gremios docentes bonaerenses anunciaron un nuevo paro el próximo martes	Infobae.com	Nacional
2018-11-15 10:40:07-03	Hay diez nuevos detenidos por la explosión en el cementerio de la Recoleta	Clarín.com	Nacional
2018-11-15 10:43:12-03	Cuatro muertos por un intento de fuga y una brutal pelea en una comisaría de Esteban Echeverría	Infobae.com	Nacional
2018-11-15 03:02:56-03	En la Noche de las Heladerías Artesanales, 7 lugares para disfrutar de los mejores sabores	Infobae.com	Nacional
2018-11-15 10:27:41-03	El senador Eduardo Costa explicó por qué se rebeló y no votó el Presupuesto de Cambiemos	Clarín.com	Nacional
2018-11-15 11:51:23-03	Afirman que un policía confundió a un joven con un ladrón y lo mató	Diario de Cuyo	Nacional
2018-11-15 09:09:31-03	Gobernadores celebran recompensas de Nación por aval al Presupuesto	La Voz 901 Digital	Nacional
2018-11-15 12:48:14-03	Mauricio Macri, sobre los atentados: “Vamos a actuar con todo el peso de la ley”	Clarín.com	Destacadas
2018-11-15 12:13:51-03	Zulemita Menem habló de la internación de urgencia de su hermano Máximo	Clarín.com	Destacadas
2018-11-15 02:43:26-03	10 mitos y verdades sobre la desaparición del ARA San Juan	Infobae.com	Destacadas
2018-11-15 09:32:19-03	El Senado sancionó el Presupuesto 2019, con más votos de los esperados	Clarín.com	Destacadas
2018-11-15 11:35:33-03	Sexo, infidelidad y escándalo en Chaco: se filmaron en una fiesta sexual y el video llegó a sus esposas	TN	Destacadas
2018-11-15 11:49:54-03	Hallaron un plano del mausoleo de Ramón Falcón en la casa de la mujer detenida por la explosión en Recoleta	LA NACION (Argentina.)	Destacadas
2018-11-15 11:57:39-03	Los gremios docentes bonaerenses anunciaron un nuevo paro el próximo martes	Infobae.com	Destacadas
2018-11-15 10:43:12-03	Cuatro muertos por un intento de fuga y una brutal pelea en una comisaría de Esteban Echeverría	Infobae.com	Destacadas
2018-11-15 10:35:27-03	Hoy es "La Noche de las heladerías" y venderán el cuarto de kilo a la mitad	Los Andes (Mendoza)	Destacadas
2018-11-15 09:56:49-03	Faltazo y sorpresa en Cambiemos: Eduardo Costa explicó por qué no votó el presupuesto	LA NACION (Argentina.)	Destacadas
2018-11-15 12:39:17-03	"River va a imponer condiciones"	Olé	Deportes
2018-11-15 11:38:14-03	La Conmebol no le hizo caso a River y Gallardo recibió otra mala noticia	Clarín.com	Deportes
2018-11-15 08:18:07-03	Diego Maradona, investigado en México y ante una sanción inminente	Clarín.com	Deportes
2018-11-15 09:28:37-03	Balcones y lloronas	Olé	Deportes
2018-11-15 11:51:37-03	La boda más esperada del fútbol mundial: Cristiano Ronaldo se comprometió con Georgina Rodríguez	Infobae.com	Deportes
2018-11-15 11:16:00-03	La cuenta oficial de Racing usó lenguaje inclusivo y las redes estallan	Diario Registrado	Deportes
2018-11-15 07:52:30-03	La frase de Mauro Icardi que generó controversia dentro de la selección argentina	Infobae.com	Deportes
2018-11-15 10:16:27-03	Más problemas para Dembélé	Olé	Deportes
2018-11-15 11:05:29-03	Selección Argentina: ¿El club de amigos de Maluma?	Futbolargentino.com	Deportes
2018-11-15 11:11:00-03	Diego Simeone renovaría contrato y podría convertirse en el técnico mejor pago del mundo	TN	Deportes
2018-11-14 10:53:34-03	A pocas horas de entrar al quirófano, le informaron que el tumor cerebral desapareció	LA NACION (Argentina.)	Salud
2018-11-15 10:14:52-03	Los beneficios de consumir un huevo por día	Diario Panorama de Santiago del Estero	Salud
2018-11-15 08:38:03-03	Ante presunto caso de chikunguya, refuerzan control de vectores en Machagai	Chaco Dia Por Dia	Salud
2018-11-14 19:43:59-03	Hallazgo de un cardiólogo argentino: descubrió un nuevo gen asociado a la muerte súbita	Clarín.com	Salud
2018-11-15 11:27:24-03	Un mapa celular del embarazo sano permitirá prever abortos espontáneos	TN	Salud
2018-11-15 10:10:33-03	Hay casi tres mil entrerrianos bajo el programa de Diabetes	APF Digital	Salud
2018-11-15 09:35:26-03	Un 42 % de los españoles tomó antibióticos en un año, diez puntos más que en la UE	Yahoo Finanzas España	Salud
2018-11-14 00:04:06-03	La rehabilitación pulmonar en la EPOC: subutilizada	IntraMed	Salud
2018-11-14 18:55:00-03	A días de finalizar campaña sigue la vacunación contra sarampión y rubeola	TiempoSur Diario Digital	Salud
2018-11-15 09:28:48-03	Por el día de la Diabetes, agentes sanitarios realizaron controles en el centro	Diario Panorama de Santiago del Estero	Salud
2018-11-14 19:22:10-03	Hallaron una nueva "súper Tierra" cerca a nuestro planeta	Diario Uno	Ciencia y Tecnologia
2018-11-14 14:40:36-03	Cómo funciona el código QR, la función clave que WhatsApp copió de Snapchat e Instagram	Clarín.com	Ciencia y Tecnologia
2018-11-15 12:09:11-03	Fortnite: mirá dónde encontrar los peces	Los Andes (Mendoza)	Ciencia y Tecnologia
2018-11-14 15:42:12-03	Tres apps de Android para tener los mejores stickers en Whatsapp	TN	Ciencia y Tecnologia
2018-11-15 12:46:00-03	Un "huracán" de materia oscura se dirige hacia la Tierra a toda velocidad	El Observador	Ciencia y Tecnologia
2018-11-13 12:30:04-03	El truco de WhatsApp para saber qué decía un mensaje eliminado	Clarín.com	Ciencia y Tecnologia
2018-11-14 13:04:43-03	Un diseñador demanda a Adobe por un error que le borró 100 mil archivos	TN	Ciencia y Tecnologia
2018-11-15 07:09:46-03	Elecciones 2019: inseguridad, terreno de disputa de campaña	LA NACION (Argentina.)	Ciencia y Tecnologia
2018-11-15 12:13:46-03	Instagram ya te deja ver cuánto tiempo usas la app en “Tu actividad”	Urban Tecno	Ciencia y Tecnologia
2018-11-15 12:24:55-03	Ahora podrá borrar los mensajes en Facebook Messenger	ElTiempo.com	Ciencia y Tecnologia
2018-11-15 11:49:42-03	Las frases de Alfredo Casero contra todos: el gobierno, el kirchnerismo, las feministas y la censura	LA NACION (Argentina.)	Entretenimiento
2018-11-15 11:21:58-03	Jorge Rial y el rumor de acercamiento de Silvia D' Auro tras el embarazo de Morena: "¿La madre? Se..."	Ciudad Magazine	Entretenimiento
2018-11-14 19:19:47-03	¡Iliana Calabró, involucrada en la Ruta del Dinero K!	El Intransigente	Entretenimiento
2018-11-15 12:04:00-03	El divertido encuentro entre Susana Giménez y Maluma	DiarioShow	Entretenimiento
2018-11-15 08:57:00-03	La foto de Marcela Tauro en bikini que sacudió Instagram	El Ciudadano Online	Entretenimiento
2018-11-15 09:59:27-03	El mensaje de Paula Chaves a Flor Vigna, tras el escándalo con Laurita Fernández y Cabré	Diario Panorama de Santiago del Estero	Entretenimiento
2018-11-14 20:05:00-03	Murió Katherine MacGregor, la actriz que interpretaba a la antipática Harriet Oleson en La familia Ingalls	LA NACION (Argentina.)	Entretenimiento
2018-11-15 11:45:38-03	Cande Tinelli: topless y provocación	Los Andes (Mendoza)	Entretenimiento
2018-11-15 10:55:26-03	Jimena Barón y Caiazza, la parejita está ¡on fire!	Los Andes (Mendoza)	Entretenimiento
2018-11-15 10:40:02-03	Valeria Mazza hizo polémicas declaraciones sobre el feminismo	Clarín.com	Entretenimiento
2018-11-15 12:47:48-03	Netflix y Spotify también se acomodan y aumentan sus abonos entre 25% y 40%	iprofesional.com	Economia
2018-11-15 10:19:12-03	Luego de tres subas en fila, el dólar opera casi estable a $ 37,01	Ambito.com	Economia
2018-11-15 08:13:00-03	Con $50.000 ahorrados, ¿conviene abrir un plazo fijo o comprar dólares?	iprofesional.com	Economia
2018-11-15 12:06:38-03	La bolsa porteña sube un 1,3% y encadena su segundo avance en fila	Ambito.com	Economia
2018-11-15 12:45:34-03	El Gobierno sube los biocombustibles y vuelve a meter presión sobre el precio de la nafta	Clarín.com	Economia
2018-11-15 08:03:51-03	Aseguran que los combustibles seguirán subiendo: los motivos	Diario ElSol.com.ar Mendoza	Economia
2018-11-15 06:15:32-03	Carrefour, Coto, Walmart y otros súper anticipan cuándo repuntará el consumo	iprofesional.com	Economia
2018-11-15 09:04:42-03	Lanzan en Argentina una criptomoneda atada al dólar	Clarín.com	Economia
2018-11-15 09:36:22-03	Empleo 2019: qué tipo de personal piden las empresas y qué aumento de sueldo prevén dar	Clarín.com	Economia
2018-11-14 22:01:29-03	Cómo comprar dólares más baratos que en el Banco Nación con una foto del DNI y una selfie	TN	Economia
2018-11-15 10:52:59-03	Brexit: qué dice el acuerdo alcanzado con Europa y por qué es tan polémico	Clarín.com	Internacional
2018-11-15 12:13:51-03	Zulemita Menem habló de la internación de urgencia de su hermano Máximo	Clarín.com	Internacional
2018-11-15 11:24:44-03	La Justicia saudí pidió pena de muerte para cinco sospechosos de matar a Khashoggi	TN	Internacional
2018-11-15 11:35:57-03	Los chilenos presos en Malasia se salvaron de la horca y serán liberados	LA NACION (Argentina.)	Internacional
2018-11-15 01:48:36-03	En la California arrasada, empieza la búsqueda de lo que nadie quiere hallar	LA NACION (Argentina.)	Internacional
2018-11-15 12:33:37-03	Es viral: por qué miles de mujeres postean su ropa interior en redes sociales	Diario NORTE	Internacional
2018-11-15 03:39:25-03	Cuba comenzó a retirar a sus médicos de Brasil en respuesta a las declaraciones de Jair Bolsonaro	Infobae.com	Internacional
2018-11-15 07:42:00-03	Nena de 11 años evitó un secuestro con una "contraseña"	Diario ElSol.com.ar Mendoza	Internacional
2018-11-15 07:54:53-03	CFK: "Van a dejar un país infinitamente peor del que recibieron"	gacetamercantil.com	Internacional
2018-11-15 12:20:13-03	Escándalo en Japón: el ministro de Ciberseguridad confesó que nunca usó una computadora	Clarín.com	Internacional
2018-11-15 16:30:06-03	La inflación de octubre fue 5,4% según el Indec: llega a 39,5% en lo que va del año	Infobae.com	Nacional
2018-11-15 10:18:10-03	Para Bullrich, hay conexión entre los ataques en Recoleta y la casa de Bonadio	Télam	Nacional
2018-11-15 17:39:53-03	Macri, un año de la desaparición del ARA San Juan: "Los 44 tripulantes quedarán en nuestra memoria siempre"	LA NACION (Argentina.)	Nacional
2018-11-15 17:19:19-03	Presupuesto 2019: frases verdaderas y falsas de los discursos en el Senado	LA NACION (Argentina.)	Nacional
2018-11-15 17:34:51-03	Incendio de gran magnitud en un supermercado cerca de Nordelta	Clarín.com	Nacional
2018-11-15 03:02:56-03	En la Noche de las Heladerías Artesanales, 7 lugares para disfrutar de los mejores sabores	Infobae.com	Nacional
2018-11-15 16:23:09-03	A la activista anarquista la bomba le explotó cuando se sacaba una selfie	LA NACION (Argentina.)	Nacional
2018-11-15 15:27:19-03	Masacre en Colón: mató a su esposa e hijos, a otro hombre, y después se suicidó	La Voz del Interior	Nacional
2018-11-15 17:19:19-03	Tucumán: murió un joven por un disparo de un policía que lo confundió con un ladrón	LA NACION (Argentina.)	Nacional
2018-11-15 16:48:30-03	“Ya me rajaron de casa”: los chats de los chaqueños involucrados en la fiesta sexual	Misiones OnLine	Nacional
2018-11-15 17:34:51-03	Incendio de gran magnitud en un supermercado cerca de Nordelta	Clarín.com	Destacadas
2018-11-15 17:18:50-03	Las historias y el recuerdo de los 44 tripulantes del ARA San Juan	Infobae.com	Destacadas
2018-11-15 16:37:25-03	Detuvieron en Buenos Aires a dos adherentes del grupo terrorista Hezbollah con gran cantidad de armas	Infobae.com	Destacadas
2018-11-15 16:23:09-03	A la activista anarquista la bomba le explotó cuando se sacaba una selfie	LA NACION (Argentina.)	Destacadas
2018-11-15 16:59:09-03	Carlos Menem pidió autorización para salir del país y visitar a su hijo en Chile	Infobae.com	Destacadas
2018-11-15 16:05:26-03	La inflación de octubre fue 5,4% y acumuló casi 40% en el año	LA NACION (Argentina.)	Destacadas
2018-11-15 10:18:10-03	Para Bullrich, hay conexión entre los ataques en Recoleta y la casa de Bonadio	Télam	Destacadas
2018-11-12 12:08:31-03	¿Qué hay detrás de un delicioso helado?	Vanguardia.com.mx	Destacadas
2018-11-15 15:27:19-03	Masacre en Colón: mató a su esposa e hijos, a otro hombre, y después se suicidó	La Voz del Interior	Destacadas
2018-11-15 13:10:40-03	Christine Lagarde confirmó que participará de la reunión del G20 en Buenos Aires y se reunirá con Macri	Infobae.com	Destacadas
2018-11-15 13:26:10-03	Gallardo contó cómo vivió el Boca-River sin poder estar en la cancha: de los "mediocres" al "chiquitaje"	LA NACION (Argentina.)	Deportes
2018-11-15 16:29:54-03	Alejandro Fantino denunció que "el árbitro perjudicará a Boca" en la Superfinal de la Libertadores	Infobae.com	Deportes
2018-11-15 14:38:45-03	Angelici confirmó que Boca hará un entrenamiento a puertas abiertas previo a la superfinal de la Libertadores	Clarín.com	Deportes
2018-11-15 16:50:37-03	Scaloni y su continuidad "por decantación"	Olé	Deportes
2018-11-15 12:06:14-03	Conmebol rechazó la apelación por el caso Gallardo	MDZ Online	Deportes
2018-11-15 14:13:57-03	A copar La Bombonera: los planes de Boca para la fiesta previa a la final ante River	Goal.com	Deportes
2018-11-15 08:18:07-03	Diego Maradona, investigado en México y ante una sanción inminente	Clarín.com	Deportes
2018-11-15 15:17:05-03	Racing, pionero en la utilización del lenguaje inclusivo	Clarín.com	Deportes
2018-11-15 17:09:00-03	Votan la mejor hinchada del mundo, y solo una de Argentina está en el top ten	Tiempo de San Juan	Deportes
2018-11-14 12:11:10-03	El convocado que le devolvió la alegría a la Selección Argentina	Bolavip	Deportes
2018-11-13 09:50:45-03	¿Un milagro?: el tumor cerebral de un paciente desapareció antes de la cirugía	TN	Salud
2018-11-15 10:14:52-03	Los beneficios de consumir un huevo por día	Diario Panorama de Santiago del Estero	Salud
2018-11-15 11:27:24-03	Un mapa celular del embarazo sano permitirá prever abortos espontáneos	TN	Salud
2018-11-15 08:38:03-03	Ante presunto caso de chikunguya, refuerzan control de vectores en Machagai	Chaco Dia Por Dia	Salud
2018-11-15 09:35:26-03	Un 42 % de los españoles tomó antibióticos en un año, diez puntos más que en la UE	Yahoo Finanzas España	Salud
2018-11-15 16:59:24-03	Cancer de pulmón es la tercera causa de muerte	El Diario de Lujan (blog)	Salud
2018-11-15 13:30:52-03	Tumor cerebral: que es, síntomas y tratamiento	Pronto	Salud
2018-11-15 13:05:00-03	Continúa la campaña de vacunación de sarampión y rubéola	La Pampa La Arena	Salud
2018-11-15 13:34:00-03	García destaca interés de jóvenes sobre la problemática de la diabetes	TiempoSur Diario Digital	Salud
2018-11-15 16:46:29-03	La UBA realizará un estudio sobre Alzheimer en la provincia	Análisis Digital	Salud
2018-11-15 13:59:06-03	El mate, el alfajor, Ricardo Fort y Macri: cómo son los stickers de Whatsapp hechos en el país	LA NACION (Argentina.)	Ciencia y Tecnologia
2018-11-15 15:47:12-03	Por fin: WhatsApp tendrá un modo de agregar contactos que será mucho más simple	La Voz del Interior	Ciencia y Tecnologia
2018-11-15 15:01:26-03	Borrarse de Instagram: desilusionada, una de las diseñadoras de la red social le dice adiós	LA NACION (Argentina.)	Ciencia y Tecnologia
2018-11-15 14:31:26-03	Ok, Google... dime las últimas noticias | El buscador ya incluye audios de El Comercio	El Comercio	Ciencia y Tecnologia
2018-11-15 13:42:12-03	Asus ZenBook Pro 15 UX580: una segunda pantalla más útil de lo que pensábamos en una laptop de alta gama	Clarín.com	Ciencia y Tecnologia
2018-11-15 12:09:11-03	Fortnite: mirá dónde encontrar los peces	Los Andes (Mendoza)	Ciencia y Tecnologia
2018-11-15 13:54:41-03	Descubren uno de los exoplanetas más cercanos a la Tierra	Clarín.com	Ciencia y Tecnologia
2018-11-15 17:37:30-03	Primero van mis redes sociales y después el cuidado de la casa: mexicanos	unocero	Ciencia y Tecnologia
2018-11-14 06:06:46-03	Nos hundimos en un 'huracán' de materia oscura que podría revelar sus secretos	Hipertextual	Ciencia y Tecnologia
2018-11-13 12:30:04-03	El truco de WhatsApp para saber qué decía un mensaje eliminado	Clarín.com	Ciencia y Tecnologia
2018-11-15 15:11:30-03	Fabián Rossi reconoció ante la Justicia que tenía una doble vida en Panamá, a espaldas de Iliana Calabró	Infobae.com	Entretenimiento
2018-11-14 15:07:57-03	Jorge Rial: "Voy a ser abuelo de un varón"	Infonews	Entretenimiento
2018-11-15 10:10:32-03	Netflix aumentó el valor de su suscripción: cuáles son las nuevas tarifas	Infobae.com	Entretenimiento
2018-11-15 11:28:49-03	Valeria Mazza hizo polémicas declaraciones sobre el feminismo	Clarín.com	Entretenimiento
2018-11-15 16:20:44-03	Dady Brieva y su enfrentamiento con Alfredo Casero: "Yo hablo desde mis convicciones, y él también"	Infobae.com	Entretenimiento
2018-11-15 14:45:13-03	Maluma le confesó a Susana Giménez cuál fue la propuesta más indecente que recibió	Clarín.com	Entretenimiento
2018-11-15 00:28:14-03	Marcela Tauro posó al natural y aprovechó la tarde para mostrar su nuevo bikini	Radio Mitre	Entretenimiento
2018-11-14 20:52:29-03	Silvio Soldán y un tenso momento en vivo: así fue como Silvia Süller le “rompió el escroto”	Radio Mitre	Entretenimiento
2018-11-15 13:01:57-03	Cómo se eligen y se pintan los murales del nuevo túnel de la avenida Nazca	LA NACION (Argentina.)	Entretenimiento
2018-11-14 17:23:20-03	¡Bomba! ¿Qué hacía Karina Jelinek junto a Rodrigo Bueno la noche previa a su trágico accidente?	Clarín.com	Entretenimiento
2018-11-15 16:49:46-03	La inflación de octubre fue 5,4% y acumula en el año 39,5%	El Cronista	Economia
2018-11-15 15:15:53-03	El dólar mayorista avanzó 15 centavos y la tasa marcó su novena baja consecutiva	El Cronista	Economia
2018-11-15 12:07:13-03	Tras aprobación del Presupuesto, el Merval trepa un 4,4%	Ambito.com	Economia
2018-11-15 11:20:05-03	Netflix aumenta los abonos en Argentina	EL LITORAL	Economia
2018-11-15 15:37:35-03	Suben hasta 8,34% los biocombustibles y meten presión a los precios de las naftas	iprofesional.com	Economia
2018-11-15 13:05:32-03	Pymes porteñas suman quejas por las comisiones en las ventas con tarjeta de crédito	Ambito.com	Economia
2018-11-15 06:25:50-03	Naftas | Cómo quedaron los precios en Santiago tras los reajustes	El Liberal Digital	Economia
2018-11-21 13:35:03-03	¿Se acaba la era de los antibióticos?	Crónica	Salud
2018-11-15 09:58:00-03	Bancarios amenazan con un paro la próxima semana	iprofesional.com	Economia
2018-11-14 09:25:11-03	Pronostican un retroceso del consumo masivo de 1,8% este año y de 2,1% en 2019	iprofesional.com	Economia
2018-11-15 15:28:58-03	Más de 70% de las personas confía en hacer transacciones con el celular	Ambito.com	Economia
2018-11-15 16:59:09-03	Carlos Menem pidió autorización para salir del país y visitar a su hijo en Chile	Infobae.com	Internacional
2018-11-15 16:37:25-03	Detuvieron en Buenos Aires a dos adherentes del grupo terrorista Hezbollah con gran cantidad de armas	Infobae.com	Internacional
2018-11-15 09:08:21-03	El fiscal general pidió la pena de muerte para los sospechosos del crimen de Khashoggi	Télam	Internacional
2018-11-15 09:52:58-03	Del corredor de la muerte a la libertad: el milagro de los chilenos detenidos en Malasia	Minutouno.com	Internacional
2018-11-15 15:14:19-03	Escándalo e incidentes en Chile tras la muerte de un joven mapuche	Clarín.com	Internacional
2018-11-15 15:48:56-03	"Una tanga no es consentimiento": las redes se llenaron de ropa interior en protesta por una violación sin justicia	TN	Internacional
2018-11-15 14:51:06-03	Así, nena se salvó de ser violada en plena calle	Crónica	Internacional
2018-11-15 15:11:56-03	El ministro de ciberseguridad japonés dijo "nunca haber usado una computadora" ni saber lo que es una memoria USB	Infobae.com	Internacional
2018-11-15 16:04:20-03	Amenazada por una moción de censura, Theresa May asegura que "seguirá trabajando" para lograr el mejor "Brexit"	TN	Internacional
2018-11-15 16:22:00-03	Ayuda en el incendio y destroza su camioneta; marca le regala una	Excélsior	Internacional
2018-11-16 08:14:25-03	Insólito: Patricia Bullrich le pidió a la gente "irse de la ciudad" por la cumbre del G20	Eldestapeweb.com	Nacional
2018-11-16 07:10:37-03	Tragedia en General Cabrera: 3 muertos tras un despiste y choque	La Voz del Interior	Nacional
2018-11-16 08:03:45-03	Por ahora hay un solo vuelo cancelado en Aeroparque por las protestas anunciadas por los gremios	Infobae.com	Nacional
2018-11-16 00:37:33-03	ARA San Juan: la empresa informó un nuevo punto de interés a 800 metros de profundidad	LA NACION (Argentina.)	Nacional
2018-11-16 02:36:47-03	Cambiemos pidió tratar el desafuero de Cristina	LA NACION (Argentina.)	Nacional
2018-11-15 18:58:07-03	Quemacoches y bombas al Estado: la historia nunca contada de los atentados anarquistas en la Argentina del siglo XXI	Infobae.com	Nacional
2018-11-16 07:10:00-03	Prisión perpetua para el casero que violó y mató a una nena de 11 años en Junín	TN	Nacional
2018-11-15 23:18:01-03	Pichetto ocupará un cargo clave en la relación con la Justicia	LA NACION (Argentina.)	Nacional
2018-11-16 07:24:00-03	Ocho homicidios en quince días en el departamento La Capital	Aire de Santa Fe	Nacional
2018-11-15 03:02:56-03	En la Noche de las Heladerías Artesanales, 7 lugares para disfrutar de los mejores sabores	Infobae.com	Nacional
2018-11-15 23:48:03-03	Patricia Bullrich sobre el operativo de seguridad por el G20: "Recomendamos a los porteños que se vayan de la Ciudad"	Infobae.com	Destacadas
2018-11-16 01:14:49-03	Aerolíneas Argentinas advierte sobre posibles demoras en los vuelos de hoy a la mañana	LA NACION (Argentina.)	Destacadas
2018-11-16 00:37:33-03	ARA San Juan: la empresa informó un nuevo punto de interés a 800 metros de profundidad	LA NACION (Argentina.)	Destacadas
2018-11-15 20:34:58-03	Senado: Cambiemos convocó a sesión especial para tratar el desafuero de Cristina	Ambito.com	Destacadas
2018-11-15 16:23:09-03	A la activista anarquista la bomba le explotó cuando se sacaba una selfie	LA NACION (Argentina.)	Destacadas
